Workbook

Sheet Portfolio
A1: Project Performance Monitoring System Portfolio
A2: =TEXT(TODAY(),"dd mmmm yyyy") -> 13 April 2026
A4: No. | B4: Country | C4: Loan / Grant No. | D4: Project Number | E4: Project Officer | F4: Project Analyst | G4: Project Name | H4: Executing Agency | I4: Last Updated | J4: I. Basic Data | AF4: II. Project Performance Rating | AS4: III. Implementation Status | CB4: IV. Financial Management | CJ4: V. Output | CO4: VI. Safeguards
J5: Approval | K5: Signing | L5: Effective | M5: Original Closing | N5: Revised Closing | O5: Financial Closing | P5: PCR Due Date | Q5: Original Amount | R5: Net Effective | S5: Allocated | U5: Unallocated | W5: Committed | Y5: Uncommitted | AA5: Disbursed | AC5: Undisbursed | AF5: Output | AH5: Contract Award | AJ5: Disbursement | AL5: Financial Management | AN5: Safeguards | AP5: Overall | AS5: Contract Award (eOps Target) | AY5: Contract Award (Achievable Estimate) | BD5: Contract Award (Actual) | BJ5: Disbursement (eOps Target) | BP5: Disbursement (Achievable Estimate) | BU5: Disbursement (Actual) | CE5: Rating | CL5: Score | CM5: Rating | CO5: Indicators | CW5: Rating
K6: Signing | L6: Effective | M6: Original Closing | N6: Revised Closing | O6: Financial Closing | P6: PCR Due Date | Q6: Original Amount | R6: Net Effective | AF6: Current | AG6: Yearend | AH6: Current | AI6: Yearend | AJ6: Current | AK6: Yearend | AL6: Current | AM6: Yearend | AN6: Current | AO6: Yearend | AP6: Current | AQ6: Yearend | AS6: =YEAR($A$2)-1 -> 2025 | AT6: =_xlfn.CONCAT("Q1 ",$AS$6+1) -> Q1 2026 | AU6: =_xlfn.CONCAT("Q2 ",$AS$6+1) -> Q2 2026 | AV6: =_xlfn.CONCAT("Q3 ",$AS$6+1) -> Q3 2026 | AW6: =_xlfn.CONCAT("Q4 ",$AS$6+1) -> Q4 2026 | AX6: =YEAR($A$2) -> 2026 | AY6: =_xlfn.CONCAT("Q1 ",$AS$6+1) -> Q1 2026 | AZ6: =_xlfn.CONCAT("Q2 ",$AS$6+1) -> Q2 2026 | BA6: =_xlfn.CONCAT("Q3 ",$AS$6+1) -> Q3 2026 | BB6: =_xlfn.CONCAT("Q4 ",$AS$6+1) -> Q4 2026 | BC6: =YEAR($A$2) -> 2026 | BD6: =YEAR($A$2)-1 -> 2025 | BE6: =_xlfn.CONCAT("Q1 ",$AS$6+1) -> Q1 2026 | BF6: =_xlfn.CONCAT("Q2 ",$AS$6+1) -> Q2 2026 | BG6: =_xlfn.CONCAT("Q3 ",$AS$6+1) -> Q3 2026 | BH6: =_xlfn.CONCAT("Q4 ",$AS$6+1) -> Q4 2026 | BI6: =YEAR($A$2) -> 2026 | BJ6: =YEAR($A$2)-1 -> 2025 | BK6: =_xlfn.CONCAT("Q1 ",$AS$6+1) -> Q1 2026 | BL6: =_xlfn.CONCAT("Q2 ",$AS$6+1) -> Q2 2026 | BM6: =_xlfn.CONCAT("Q3 ",$AS$6+1) -> Q3 2026 | BN6: =_xlfn.CONCAT("Q4 ",$AS$6+1) -> Q4 2026 | BO6: =YEAR($A$2) -> 2026 | BP6: =_xlfn.CONCAT("Q1 ",$AS$6+1) -> Q1 2026 | BQ6: =_xlfn.CONCAT("Q2 ",$AS$6+1) -> Q2 2026 | BR6: =_xlfn.CONCAT("Q3 ",$AS$6+1) -> Q3 2026 | BS6: =_xlfn.CONCAT("Q4 ",$AS$6+1) -> Q4 2026 | BT6: =YEAR($A$2) -> 2026 | BU6: =YEAR($A$2)-1 -> 2025 | BV6: =_xlfn.CONCAT("Q1 ",$AS$6+1) -> Q1 2026 | BW6: =_xlfn.CONCAT("Q2 ",$AS$6+1) -> Q2 2026 | BX6: =_xlfn.CONCAT("Q3 ",$AS$6+1) -> Q3 2026 | BY6: =_xlfn.CONCAT("Q4 ",$AS$6+1) -> Q4 2026 | BZ6: =YEAR($A$2) -> 2026 | CG6: 1 | CH6: 2 | CI6: 3 | CJ6: 4 | CK6: 5 | CO6: 1 | CP6: 2 | CQ6: 3 | CR6: 4 | CS6: 5 | CT6: 6 | CU6: 7 | CV6: 8

Sheet <Approval numbers>
B2: Project Performance Monitoring Sheet
G4: Update as of
B6: Project Name: | I6: Sector/Subsector:
B7: Project Number | I7: Project Officer:
B8: Loan/Grant Number: | I8: Project Analyst:
B9: Executing/Implementing Agency: | I9: Project Document Link:
B10: ADB Administering Unit: | E10: If TRJM, date of project transfer: | I10: Project Handover Document Link:
A12: ~ | B12: A. Loan/Grant Basic Data
A13: ~ | B13: ADB Financing | C13: Government Financing | D13: Total ($ million equivalent) | F13: PCR Due Date | H13: Environment Category | I13: Involuntary Resettlement Category | J13: Indigenous People's Category | K13: Gender Category
F14: =IF(J18="-","",MAX(J18:J21)+365)
A15: ~
A16: ~ | B16: Product | C16: Source | D16: Approval | E16: Signing | F16: Effectivity | G16: Closing | I16: % Elapsed Time | J16: Financial Closing | K16: Amount | Y16: Remarks
A17: ~ | G17: Original | H17: Revised | K17: Original | L17: Net Effective | M17: Allocated | O17: Unallocated | Q17: Committed | S17: Uncommitted | U17: Disbursed | W17: Undisbursed
J18: =IF(ISBLANK(B18),"-",IF(H18="",G18+180,H18+180)) -> - | M18: =IF(ISBLANK($B18),0,SUMIFS($U$130:$U$144,$B$130:$B$144,$B18)) -> 0 | N18: =IF(ISBLANK($B18),0,(IF(ISBLANK($L18),IF($K18>0,M18/$K18,0),IF($L18>0,M18/$L18,0)))) -> 0 | O18: =IF(ISBLANK(B18),0,L18-SUMIFS($U$130:$U$144,$B$130:$B$144,$B18)) -> 0 | P18: =IF(ISBLANK(B18),0,(IF(ISBLANK(L18),IF(K18>0,O18/K18,0),IF(L18>0,O18/L18,0)))) -> 0 | Q18: =IF(ISBLANK($B18),0,SUMIFS($T$130:$T$144,$B$130:$B$144,$B18)) -> 0 | R18: =IF(ISBLANK($B18),0,(IF(ISBLANK($L18),IF($K18>0,Q18/$K18,0),IF($L18>0,M18/$L18,0)))) -> 0 | S18: =IF(ISBLANK(B18),0,L18-SUMIFS($T$130:$T$144,$B$130:$B$144,$B18)) -> 0 | T18: =IF(ISBLANK(B18),0,(IF(ISBLANK(L18),IF(K18>0,S18/K18,0),IF(L18>0,S18/L18,0)))) -> 0 | U18: =IF(ISBLANK($B18),0,SUMIFS($L$130:$L$144,$B$130:$B$144,$B18)) -> 0 | V18: =IF(ISBLANK(B18),0,(IF(ISBLANK(L18),IF(K18>0,U18/K18,0),IF(L18>0,U18/L18,0)))) -> 0 | W18: =IF(ISBLANK(B18),0,(IF(ISBLANK($L18),$K18-SUMIFS($B$130:$B$143,$L$130:$L$143,$B18),$L18-SUMIFS($L$130:$L$143,$B$130:$B$143,$B18)))) -> 0 | X18: =IF(ISBLANK(B18),0,IF(OR(ISBLANK(L18),L18=0),W18/K18,W18/L18)) -> 0
J19: =IF(ISBLANK(B19),"-",IF(H19="",G19+180,H19+180)) -> - | M19: =IF(ISBLANK($B19),0,SUMIFS($U$130:$U$144,$B$130:$B$144,$B19)) -> 0 | N19: =IF(ISBLANK($B19),0,(IF(ISBLANK($L19),IF($K19>0,M19/$K19,0),IF($L19>0,M19/$L19,0)))) -> 0 | O19: =IF(ISBLANK(B19),0,L19-SUMIFS($U$130:$U$144,$B$130:$B$144,$B19)) -> 0 | P19: =IF(ISBLANK(B19),0,(IF(ISBLANK(L19),IF(K19>0,O19/K19,0),IF(L19>0,O19/L19,0)))) -> 0 | Q19: =IF(ISBLANK($B19),0,SUMIFS($T$130:$T$144,$B$130:$B$144,$B19)) -> 0 | R19: =IF(ISBLANK($B19),0,(IF(ISBLANK($L19),IF($K19>0,Q19/$K19,0),IF($L19>0,M19/$L19,0)))) -> 0 | S19: =IF(ISBLANK(B19),0,L19-SUMIFS($T$130:$T$144,$B$130:$B$144,$B19)) -> 0 | T19: =IF(ISBLANK(B19),0,(IF(ISBLANK(L19),IF(K19>0,S19/K19,0),IF(L19>0,S19/L19,0)))) -> 0 | U19: =IF(ISBLANK($B19),0,SUMIFS($L$130:$L$144,$B$130:$B$144,$B19)) -> 0 | V19: =IF(ISBLANK(B19),0,(IF(ISBLANK(L19),IF(K19>0,U19/K19,0),IF(L19>0,U19/L19,0)))) -> 0 | W19: =IF(ISBLANK(B19),0,(IF(ISBLANK($L19),$K19-SUMIFS($B$130:$B$143,$L$130:$L$143,$B19),$L19-SUMIFS($L$130:$L$143,$B$130:$B$143,$B19)))) -> 0 | X19: =IF(ISBLANK(B19),0,IF(OR(ISBLANK(L19),L19=0),W19/K19,W19/L19)) -> 0
J20: =IF(ISBLANK(B20),"-",IF(H20="",G20+180,H20+180)) -> - | M20: =IF(ISBLANK($B20),0,SUMIFS($U$130:$U$144,$B$130:$B$144,$B20)) -> 0 | N20: =IF(ISBLANK($B20),0,(IF(ISBLANK($L20),IF($K20>0,M20/$K20,0),IF($L20>0,M20/$L20,0)))) -> 0 | O20: =IF(ISBLANK(B20),0,L20-SUMIFS($U$130:$U$144,$B$130:$B$144,$B20)) -> 0 | P20: =IF(ISBLANK(B20),0,(IF(ISBLANK(L20),IF(K20>0,O20/K20,0),IF(L20>0,O20/L20,0)))) -> 0 | Q20: =IF(ISBLANK($B20),0,SUMIFS($T$130:$T$144,$B$130:$B$144,$B20)) -> 0 | R20: =IF(ISBLANK($B20),0,(IF(ISBLANK($L20),IF($K20>0,Q20/$K20,0),IF($L20>0,M20/$L20,0)))) -> 0 | S20: =IF(ISBLANK(B20),0,L20-SUMIFS($T$130:$T$144,$B$130:$B$144,$B20)) -> 0 | T20: =IF(ISBLANK(B20),0,(IF(ISBLANK(L20),IF(K20>0,S20/K20,0),IF(L20>0,S20/L20,0)))) -> 0 | U20: =IF(ISBLANK($B20),0,SUMIFS($L$130:$L$144,$B$130:$B$144,$B20)) -> 0 | V20: =IF(ISBLANK(B20),0,(IF(ISBLANK(L20),IF(K20>0,U20/K20,0),IF(L20>0,U20/L20,0)))) -> 0 | W20: =IF(ISBLANK(B20),0,(IF(ISBLANK($L20),$K20-SUMIFS($B$130:$B$143,$L$130:$L$143,$B20),$L20-SUMIFS($L$130:$L$143,$B$130:$B$143,$B20)))) -> 0 | X20: =IF(ISBLANK(B20),0,IF(OR(ISBLANK(L20),L20=0),W20/K20,W20/L20)) -> 0
J21: =IF(ISBLANK(B21),"-",IF(H21="",G21+180,H21+180)) -> - | M21: =IF(ISBLANK($B21),0,SUMIFS($U$130:$U$144,$B$130:$B$144,$B21)) -> 0 | N21: =IF(ISBLANK($B21),0,(IF(ISBLANK($L21),IF($K21>0,M21/$K21,0),IF($L21>0,M21/$L21,0)))) -> 0 | O21: =IF(ISBLANK(B21),0,L21-SUMIFS($U$130:$U$144,$B$130:$B$144,$B21)) -> 0 | P21: =IF(ISBLANK(B21),0,(IF(ISBLANK(L21),IF(K21>0,O21/K21,0),IF(L21>0,O21/L21,0)))) -> 0 | Q21: =IF(ISBLANK($B21),0,SUMIFS($T$130:$T$144,$B$130:$B$144,$B21)) -> 0 | R21: =IF(ISBLANK($B21),0,(IF(ISBLANK($L21),IF($K21>0,Q21/$K21,0),IF($L21>0,M21/$L21,0)))) -> 0 | S21: =IF(ISBLANK(B21),0,L21-SUMIFS($T$130:$T$144,$B$130:$B$144,$B21)) -> 0 | T21: =IF(ISBLANK(B21),0,(IF(ISBLANK(L21),IF(K21>0,S21/K21,0),IF(L21>0,S21/L21,0)))) -> 0 | U21: =IF(ISBLANK($B21),0,SUMIFS($L$130:$L$144,$B$130:$B$144,$B21)) -> 0 | V21: =IF(ISBLANK(B21),0,(IF(ISBLANK(L21),IF(K21>0,U21/K21,0),IF(L21>0,U21/L21,0)))) -> 0 | W21: =IF(ISBLANK(B21),0,(IF(ISBLANK($L21),$K21-SUMIFS($B$130:$B$143,$L$130:$L$143,$B21),$L21-SUMIFS($L$130:$L$143,$B$130:$B$143,$B21)))) -> 0 | X21: =IF(ISBLANK(B21),0,IF(OR(ISBLANK(L21),L21=0),W21/K21,W21/L21)) -> 0
A22: ~ | J22: Total | K22: =SUM(K18:K21) -> 0 | L22: =SUM(IF(ISBLANK(L18),K18,L18),IF(ISBLANK(L19),K19,L19),IF(ISBLANK(L20),K20,L20),IF(ISBLANK(L21),K21,L21)) -> 0 | M22: =SUM(M18:M21) -> 0 | N22: =IF($L22>0,SUM(M18:M21)/$L22,0) -> 0 | O22: =SUM(O18:O21) -> 0 | P22: =IF(L22>0,SUM(O18:O21)/L22,0) -> 0 | Q22: =SUM(Q18:Q21) -> 0 | R22: =IF($L22>0,SUM(Q18:Q21)/$L22,0) -> 0 | S22: =SUM(S18:S21) -> 0 | T22: =IF(L22>0,SUM(S18:S21)/L22,0) -> 0 | U22: =SUM(U18:U21) -> 0 | V22: =IF($L22>0,SUM(U18:U21)/$L22,0) -> 0 | W22: =SUM(W18:W21) -> 0 | X22: =IF(L22>0,SUM(W18:W21)/L22,0) -> 0
A23: ~ | B23: B. Project Rating
A24: ~ | B24: Operation Project Rating
A25: ~ | B25: Parameters | C25: Outputs | D25: Contract Awards (%) | E25: Disbursement (%) | F25: Financial Management | G25: Safeguards | H25: Overall Rating
B26: Ratings | D26: =C39 -> 0 | E26: =C44 -> 0
B27: Reason (if FA or AR)
A28: ~
A29: ~ | B29: Consecutive Overall Project Rating
A30: ~ | B30: Validated | F30: Current
A31: ~ | B31: 2024, Q4 | C31: 2025, Q1 | D31: 2025, Q2 | E31: 2025, Q3 | F31: 2025, Q4
A33: ~
A34: ~ | B34: C. Contract Awards and Disbursements
A35: ~ | B35: CA | C35: Total Cumulative | D35: Q1 2025 | F35: Q2 2025 | H35: Q3 2025 | J35: Q4 2025 | L35: 2025 Total
A36: ~ | D36: eOps | E36: Committed | F36: eOps | G36: Committed | H36: eOps | I36: Committed | J36: eOps | K36: Committed | L36: eOps | M36: Committed
B37: Target
B38: Achievement
B39: (%) | C39: =IFERROR(C38/C37,0) -> 0 | D39: =IFERROR(D38/D37,0) -> 0 | E39: =IFERROR(D38/E37,0) -> 0 | F39: =IFERROR(F38/F37,0) -> 0 | G39: =IFERROR(F38/G37,0) -> 0 | H39: =IFERROR(H38/H37,0) -> 0 | I39: =IFERROR(H38/I37,0) -> 0 | J39: =IFERROR(J38/J37,0) -> 0 | K39: =IFERROR(J38/K37,0) -> 0 | L39: =IFERROR(L38/L37,0) -> 0 | M39: =IFERROR(L38/M37,0) -> 0
A40: ~ | B40: DB | C40: Total Cumulative | D40: Q1 2025 | F40: Q2 2025 | H40: Q3 2025 | J40: Q4 2025 | L40: 2025 Total
A41: ~ | D41: eOps | E41: Committed | F41: eOps | G41: Committed | H41: eOps | I41: Committed | J41: eOps | K41: Committed | L41: eOps | M41: Committed
B42: Target
B43: Achievement
B44: (%) | C44: =IFERROR(C43/C42,0) -> 0 | D44: =IFERROR(D43/D42,0) -> 0 | E44: =IFERROR(D43/E42,0) -> 0 | F44: =IFERROR(F43/F42,0) -> 0 | G44: =IFERROR(F43/G42,0) -> 0 | H44: =IFERROR(H43/H42,0) -> 0 | I44: =IFERROR(H43/I42,0) -> 0 | J44: =IFERROR(J43/J42,0) -> 0 | K44: =IFERROR(J43/K42,0) -> 0 | L44: =IFERROR(L43/L42,0) -> 0 | M44: =IFERROR(L43/M42,0) -> 0
A45: ~
A46: ~ | B46: D. Contract Awards and Disbursements (Annual Target vs. Actual CAD and CAD Ratios)
A47: ~ | B47: Net Amt. | C47: Uncontr. | D47: Projn | E47: Target CAR | F47: YTD Projn | G47: Achvd | H47: Achvd % | I47: YTD Achvd | J47: Achvd | K47: YTD Trgt | L47: Undisb. | M47: Projn | N47: Target DR | O47: YTD | P47: Achvd | Q47: Achvd % | R47: YTD Achvd | S47: Achvd DR | T47: YTD Trgt
A48: ~ | C48: Amt.(A) | D48: (B) | E48: (D) = B/A a,b | F48: (E) | G48: (F) | H48: (G) = F/B | I48: % (H)=F/E | J48: CAR % a,b | K48: % CAR a,b | L48: Amt. (A) | M48: (B) | N48: (D)=B/A b,c | O48: Projn | P48: (F) | Q48: (G)=F/B | R48: % (H)=F/E | S48: % b,c | T48: % DR b,c
A49: ~ | O49: (E)
E50: 0 | H50: 0 | I50: 0 | N50: 0 | Q50: 0 | R50: 0 | S50: 0 | T50: 0
A51: ~
A52: ~ | B52: E. Output Delivery and Procurement
B53: Note: If procurement is still in process, please indicate status of procurement processing in the status.
A54: ~ | B54: Output 1: Climate-resilient water supply and sanitation infrastructure rehabilitated and expanded
A55: ~ | B55: Package No. (as in Proc. Plan) | C55: Description | E55: Contractor | F55: Contract No. (PCSS) | G55: Contract Amount ($ equiv.) | H55: Disbursement ($ equiv.) | I55: Contract Completion Date | J55: Status | K55: Contract Progress | M55: Status/Progress of Output Delivery
B62: Total | G62: =SUMIF(J56:J61,"Completed",G56:G61)+SUMIF(J56:J61,"Awarded",G56:G61) -> 0 | H62: =SUM(H56:H61) -> 0
A63: ~
A64: ~ | B64: Output 2: Sustainable business model and institutional capacity developed
A65: ~ | B65: Package No. (as in Proc. Plan) | C65: Description | E65: Contractor | F65: Contract No. (PCSS) | G65: Contract Amount ($ equiv.) | H65: Disbursement ($ equiv.) | I65: Contract Completion Date | J65: Status | K65: Contract Progress | M65: Status/Progress of Output Delivery
A73: ~
A74: ~ | B74: Project Management
A75: ~ | B75: Package No. (as in Proc. Plan) | C75: Description | E75: Contractor | F75: Contract No. (PCSS) | G75: Contract Amount ($ equiv.) | H75: Disbursement ($ equiv.) | I75: Contract Completion Date | J75: Status | K75: Implementation Status
B100: Total
B101: Advance Account
B102: Grand Total
A103: ~
A104: ~ | B104: F. Financial Management Compliance
A105: ~ | B105: APFS | C105: FY2018 | D105: FY2019 | E105: FY2020 | F105: FY2021 | G105: FY2022 | H105: FY2023 | I105: FY2024 | J105: FY2025 | K105: FY2026 | L105: Remarks
B106: Timeliness (date submitted)
B107: Quality (date accepted by ADB)
B108: Disclosure (date)
A109: ~ | B109: AEFS | C109: FY2018 | D109: FY2019 | E109: FY2020 | F109: FY2021 | G109: FY2022 | H109: FY2023 | I109: FY2024 | J109: FY2025 | K109: FY2026 | L109: Remarks
B110: Timeliness (date submitted)
B111: Quality (date accepted by ADB)
B112: Disclosure (date)
A113: ~
A114: ~ | B114: G. Environmental Safeguards Compliance (fill in as applicable)
A115: ~ | C115: IEE | D115: EIA | E115: Semi-annual report (currently due) | F115: Grievance Redress Mechanism | G115: Corrective Action Plan (CAP) - Current | H115: Status of CAP
A120: ~
A121: ~ | B121: H. Social Safeguards Compliance (fill in as applicable)
A122: ~ | C122: LARP | D122: Due Diligence Report | E122: Semi-annual report (currently due) | F122: Grievance Redress Mechanism | G122: Corrective Action Plan (CAP) - Current | H122: Status of CAP
A127: ~
A128: ~ | B128: I. Contracts (including any IDC)
A129: ~ | B129: Loan / Grant | C129: Contract | D129: Description | F129: Procurement/ Selection Method | G129: Contract Type | H129: Contractor | J129: Contract Estimate | K129: Contract Amount | L129: Disbursed Amount | M129: Disbursed vs Contract | N129: Contract Status | O129: Related Output Indicator | P129: Status of Implementation / Procurement | T129: COMMITTED | U129: ALLOCATED
M130: =IF(K130>0,L130/K130,"0") -> 0 | T130: =IF(N130="Financially Closed",L130,IF(OR(N130="Active",N130="Completed"),K130,0)) -> 0 | U130: =IF(N130="Financially Closed",T130,IF(ISBLANK(K130),J130,K130)) -> 0
M131: =IF(K131>0,L131/K131,"0") -> 0 | T131: =IF(N131="Financially Closed",L131,IF(OR(N131="Active",N131="Completed"),K131,0)) -> 0 | U131: =IF(N131="Financially Closed",T131,IF(ISBLANK(K131),J131,K131)) -> 0
M132: =IF(K132>0,L132/K132,"0") -> 0 | T132: =IF(N132="Financially Closed",L132,IF(OR(N132="Active",N132="Completed"),K132,0)) -> 0 | U132: =IF(N132="Financially Closed",T132,IF(ISBLANK(K132),J132,K132)) -> 0
M133: =IF(K133>0,L133/K133,"0") -> 0 | T133: =IF(N133="Financially Closed",L133,IF(OR(N133="Active",N133="Completed"),K133,0)) -> 0 | U133: =IF(N133="Financially Closed",T133,IF(ISBLANK(K133),J133,K133)) -> 0
M134: =IF(K134>0,L134/K134,"0") -> 0 | T134: =IF(N134="Financially Closed",L134,IF(OR(N134="Active",N134="Completed"),K134,0)) -> 0 | U134: =IF(N134="Financially Closed",T134,IF(ISBLANK(K134),J134,K134)) -> 0
M135: =IF(K135>0,L135/K135,"0") -> 0 | T135: =IF(N135="Financially Closed",L135,IF(OR(N135="Active",N135="Completed"),K135,0)) -> 0 | U135: =IF(N135="Financially Closed",T135,IF(ISBLANK(K135),J135,K135)) -> 0
M136: =IF(K136>0,L136/K136,"0") -> 0 | T136: =IF(N136="Financially Closed",L136,IF(OR(N136="Active",N136="Completed"),K136,0)) -> 0 | U136: =IF(N136="Financially Closed",T136,IF(ISBLANK(K136),J136,K136)) -> 0
M137: =IF(K137>0,L137/K137,"0") -> 0 | T137: =IF(N137="Financially Closed",L137,IF(OR(N137="Active",N137="Completed"),K137,0)) -> 0 | U137: =IF(N137="Financially Closed",T137,IF(ISBLANK(K137),J137,K137)) -> 0
M138: =IF(K138>0,L138/K138,"0") -> 0 | T138: =IF(N138="Financially Closed",L138,IF(OR(N138="Active",N138="Completed"),K138,0)) -> 0 | U138: =IF(N138="Financially Closed",T138,IF(ISBLANK(K138),J138,K138)) -> 0
B139: DO NOT INSERT BELOW THIS ROW | T139: =IF(ISBLANK($J139),$I139,$J139) -> 0
H140: Total | J140: =SUM(J130:J139) -> 0 | K140: =SUM(K130:K139) -> 0 | L140: =SUM(L130:L139) -> 0 | M140: =IF(K140>0,L140/K140,"0") -> 0
M141: =IF(K141>0,L141/K141,"0") -> 0 | T141: =IF(N141="Financially Closed",L141,IF(OR(N141="Active",N141="Completed"),K141,0)) -> 0 | U141: =IF(N141="Financially Closed",T141,IF(ISBLANK(K141),J141,K141)) -> 0
M142: =IF(K142>0,L142/K142,"0") -> 0 | T142: =IF(N142="Financially Closed",L142,IF(OR(N142="Active",N142="Completed"),K142,0)) -> 0 | U142: =IF(N142="Financially Closed",T142,IF(ISBLANK(K142),J142,K142)) -> 0
M143: =IF(K143>0,L143/K143,"0") -> 0 | T143: =IF(N143="Financially Closed",L143,IF(OR(N143="Active",N143="Completed"),K143,0)) -> 0 | U143: =IF(N143="Financially Closed",T143,IF(ISBLANK(K143),J143,K143)) -> 0
H144: Total w/ IDC | J144: =SUM(J140:J143) -> 0 | K144: =SUM(K140:K143) -> 0 | L144: =SUM(L140:L143) -> 0 | M144: =IF(K144>0,L144/K144,"0") -> 0
A145: ~
A146: ~ | B146: J. Outputs
A147: ~ | B147: Output/Indicator | F147: Target Year | G147: Weight | H147: Rating | I147: Score | J147: Progress/Status | N147: Action Plan if not On Track
B148: Output 1:
I149: =IF(ISBLANK(G149),0,(VLOOKUP(H149,#REF!,2,FALSE))*G149) -> 0
I150: =IF(ISBLANK(G150),0,(VLOOKUP(H150,#REF!,2,FALSE))*G150) -> 0
...

Sheet Field Definitions
B2: PPMS Field Definitions
B4: Project Summary Section
B5: Field | C5: Field Type | D5: Data Source | E5: Formula | F5: System Source
B6: Title | C6: Data | F6: Operations Insights
B7: Date | C7: Data | F7: Operations Insights
B8: Project Name: | C8: Data | F8: Operations Insights
B9: Project Number | C9: Data | F9: Operations Insights | I9: `
B10: Loan/Grant Number: | C10: Data | F10: Operations Insights
B11: Executing/Implementing Agency: | C11: Data | F11: Operations Insights
B12: ADB Administering Unit: | C12: Data | F12: Operations Insights
B13: If TRJM, date of project transfer: | C13: Data | F13: Operations Insights
B14: Sector/Subsector: | C14: Data | F14: Operations Insights
B15: Project Officer: | C15: Data | F15: Operations Insights
B16: Project Analyst: | C16: Data | F16: Operations Insights
B17: Project Document Link: | C17: Data
B18: Project Handover Document Link: | C18: Data
B21: A. Loan/Grant Basic Data
B22: Field | C22: Field Type | D22: Data Source | E22: Formula | F22: System Source
B23: ADB Financing | C23: Formula
B24: Government Financing | C24: Formula
B25: Total ($ million equivalent) | C25: Formula
B26: Product | C26: Data | G26: Multiple Rows
B27: Source | C27: Data | G27: Multiple Rows
B28: Amount | C28: Data | G28: Multiple Rows
B29: Approval | C29: Data | G29: Multiple Rows
B30: Signing | C30: Data | G30: Multiple Rows
B31: Effectivity | C31: Data | G31: Multiple Rows
B32: Closing Original | C32: Data | G32: Multiple Rows
B33: Closing Revised | C33: Data | G33: Multiple Rows
B34: % Elapsed Time | C34: Data | G34: Multiple Rows
B35: Environment Category | C35: Data | G35: Multiple Rows
B36: Involuntary Resettlement Category | C36: Data | G36: Multiple Rows
B37: Indigenous People's Category | C37: Data | G37: Multiple Rows
B38: Gender Category | C38: Data | G38: Multiple Rows
B41: B. Project Rating
B42: Field | C42: Field Type | D42: Data Source | E42: Formula | F42: System Source
B43: Parametrs | C43: Data
B44: Outputs | C44: Data
B45: Contract Awards (%) | C45: Data
B46: Disbursement (%) | C46: Data
B47: Financial Management | C47: Data
B48: Safeguards | C48: Data
B49: Overall Rating | C49: Data
B50: Reason | C50: Data
B53: Consecutive Overall Project Rating
B54: Field | C54: Field Type | D54: Data Source | E54: Formula | F54: System Source
B55: Year, Quarter 1 Label | C55: Data
B56: Year, Quarter 2 Label | C56: Data
B57: Year, Quarter 3 Label | C57: Data
B58: Year, Quarter 4 Label | C58: Data
B59: Year, Quarter (current) Label | C59: Data
B60: Year, Quarter 1 Value | C60: Data
B61: Year, Quarter 2 Value | C61: Data
B62: Year, Quarter 3 Value | C62: Data
B63: Year, Quarter 4 Value | C63: Data
B64: Year, Quarter (current) Value | C64: Data
B67: C. Contract Awards and Disbursements
B68: Field | C68: Field Type | D68: Data Source | E68: Formula | F68: System Source
B69: Quarter 1 Year Label | C69: Data
B70: Quarter 2 Year Label | C70: Data
B71: Quarter 3 Year Label | C71: Data
B72: Quarter 4 Year Label | C72: Data
B73: Year Total | C73: Data
B74: CA
B75: Target-Total Cumulative | C75: Formula
B76: Target-Quarter 1 Year-eOps-Value | C76: Data
B77: Target-Quarter 1 Year-Committed-Value | C77: Data
B78: Target-Quarter 2 Year-eOps-Value | C78: Data
B79: Target-Quarter 2 Year-Committed-Value | C79: Data
B80: Target-Quarter 3 Year-eOps-Value | C80: Data
B81: Target-Quarter 3 Year-Committed-Value | C81: Data
B82: Target-Quarter 4 Year-eOps-Value | C82: Data
B83: Target-Quarter 4 Year-Committed-Value | C83: Data
B84: Target-Year Total-eOps-Value | C84: Formula
B85: Target-Year Total-Committed-Value | C85: Formula
B86: Achievement-Total Cumulative | C86: Formula
... B102: (%)-Year Total-Committed-Percentage | C102: Formula
B103: DB
B104: Target-Total Cumulative
B105: Target-Quarter 1 Year-eOps-Value
B106: Target-Quarter 1 Year-Committed-Value
B107: Target-Quarter 2 Year-eOps-Value
B108: Target-Quarter 2 Year-Committed-Value
B109: Target-Quarter 3 Year-eOps-Value
B110: Target-Quarter 3 Year-Committed-Value
B111: Target-Quarter 4 Year-eOps-Value
B112: Target-Quarter 4 Year-Committed-Value
B113: Target-Year Total-eOps-Value
B114: Target-Year Total-Committed-Value
... B120: Achievement-Year Total
B121: (%)-Total Cumulative | C121: Formula
B122: (%)-Quarter 1 Year-eOps-Percentage | C122: Formula
B123: (%)-Quarter 1 Year-Committed-Percentage | C123: Formula
B124: (%)-Quarter 2 Year-eOps-Percentage | C124: Formula
B125: (%)-Quarter 2 Year-Committed-Percentage | C125: Formula
B126: (%)-Quarter 3 Year-eOps-Percentage | C126: Formula
B127: (%)-Quarter 3 Year-Committed-Percentage | C127: Formula
B128: (%)-Quarter 4 Year-eOps-Percentage | C128: Formula
B129: (%)-Quarter 4 Year-Committed-Percentage | C129: Formula
B130: (%)-Year Total-eOps-Percentage | C130: Formula
...

Sheet List
B1: Countries | D1: Project Rating | E1: Procurement Selection Method | F1: Contract Type | G1: Rating | H1: Weight | I1: FM status | J1: Mission Type | M1: Safeguards Indicator 1 | O1: Safeguards Indicator 2 | Q1: Safeguards Indicator 3 | S1: Safeguards Indicator 4 | U1: Safeguards Indicator 5 | W1: Safeguards Indicator 6 | Y1: Safeguards Indicator 7 | AA1: Safeguards Indicator 8 | AS1: Project Rating | AU1: Outputs (Technical) | AW1: Contract Award and Disbursement | AY1: Financial Management | BA1: Safeguards
A2: AFG | B2: Afghanistan | C2: OT | D2: On Track | E2: ICB 1S1E | F2: Works | G2: Completed, target achieved by ≥85% | H2: 1 | I2: Not Required | J2: Inception | L2: 1 | M2: Not Applicable | N2: On Track | O2: Not Applicable | P2: On Track | Q2: Not Applicable | R2: On Track | S2: Not applicable and/or no clearances required. | T2: On Track | U2: No, all compensations/entitlements have been fully paid prior to displacement as confirmed by relevant ADB-cleared reports, for all project sites with involuntary resettlement impacts. | V2: On Track | W2: Yes, the project meets both criteria (functioning GRM and no CRP-eligible complaint(s) on file). | X2: On Track | Y2: No | Z2: On Track | AA2: Not applicable. Cat C or an FI treated as C. | AB2: On Track | AL2: B. Financial Management Rating | AS2: Average | AT2: Overall Rating | AU2: Overall Weighted Score | AV2: Outputs Rating | AW2: Actual vs. Projected % Difference | AX2: CA&D Rating | AY2: FM Score | AZ2: FM Rating | BA2: Responses | BB2: Safeguards Rating
A3: ARM | B3: Armenia | C3: FA | D3: For Attention | E3: OCB 1S1E | F3: Consulting Services | G3: Completed, target underachieved by ≥16% | H3: 0 | I3: Deferred | J3: Review | L3: 2 | M3: Unknown | N3: For Attention | O3: Unknown | P3: For Attention | Q3: Unknown | R3: For Attention | S3: Not yet due, and/or no works requiring clearances were commenced prior to or during reporting period. | T3: On Track | U3: Not Applicable | V3: On Track | W3: Unknown or no functioning GRM. | X3: For Attention | Y3: Unknown, due to any of the following: (1) external monitor not yet appointed, (2) no recent review mission fielded, (3) monitoring report to base decision on being overdue, (4) Other. | Z3: For Attention | AA3: Yes. Submitted, reporting up to date or is within a grace period of one month. | AB3: On Track | AL3: Indicator | AP3: Score | AQ3: Action Plan if not On Track | AS3: >=90% | AT3: On Track (1.0) | AU3: >=85% | AV3: On Track (1.0) | AW3: >90% | AX3: On Track | AY3: >=75% | AZ3: On Track | BA3: All On Track | BB3: On Track
A4: AZE | B4: Azerbaijan | C4: AR | D4: At Risk | E4: ICB 1S2E | F4: Non-Consulting Services | G4: On track to meet target | H4: 1 | I4: Not yet Due | J4: Special Project Admin | L4: 3 | M4: No, all contracts have been awarded and all include EMPs cleared by ADB and applicable conditions of national EIA/IEE clearance. | N4: On Track | O4: No, all contracts have been awarded after final RPs/DDRs were cleared. | P4: On Track | Q4: No, all contracts have been awarded after final IPPs were cleared. | R4: On Track | S4: Yes, all clearances were obtained for all works commenced prior to or during reporting period. | T4: On Track | U4: Unknown | V4: For Attention | W4: No, the project has an Accountability Mechanism (CRP)-eligible complaint(s) but CAP implementation is on track for full compliance at end of CAP implementation period. | X4: For Attention | Y4: Yes, no time-bound CAP agreed for non-compliance. | Z4: At Risk | AA4: Not yet submitted, reporting is overdue for 12 months or less. | AB4: For Attention | AL4: APFS | AP4: 50 | AQ4: Will improve to OT by _______. {add action plan} | AS4: 65% to <90% | AT4: For Attention (0.7) | AU4: 70% to <85% | AV4: For Attention (0.7) | AW4: 75% to 90% | AX4: For Attention | AY4: 50% to 75% | AZ4: For Attention | BA4: At least one response is For Attention and no At Risk | BB4: For Attention
A5: GEO | B5: Georgia | E5: OCB 1S2E | F5: Goods | G5: On track to meet target, delayed | H5: 0.7 | I5: Yes | J5: Project Completion | L5: 4 | M5: No, not all contracts are awarded. Contracts under bidding incl. EMPs cleared by ADB and applicable conditions of national EIA/IEE clearances. All awarded contracts included EMPs cleared by ADB and any conditions of applicable national EIA/IEE clearance. | N5: On Track | O5: No, not all contracts awarded, with final RPs/DDRs still pending for those contracts. Any awarded contracts meet the requirement of RPs/DDRs being cleared (no other options apply). | P5: On Track | Q5: No, not all contracts awarded, with final IPPs still pending for those contracts. | R5: On Track | S5: Unknown | T5: For Attention | U5: No access is given to sites where compensations are ongoing or pending. | V5: On Track | W5: No, the project has an Accountability Mechanism (CRP)-eligible complaint(s) but CAP still in development or NOT on track for full compliance at end of CAP implementation period. | X5: At Risk | Y5: Yes, still within time-bound CAP. | Z5: On Track | AA5: Not yet submitted or undisclosed, reporting and/or disclosure is overdue for more than 12 months | AB5: For Attention | AL5: AEFS | AP5: 25 | AS5: <65% | AT5: At Risk (0) | AU5: <70% | AV5: At Risk (0) | AW5: <75% | AX5: At Risk | AY5: <50% | AZ5: At Risk | BA5: At least one response is At Risk or an assessment question unanswered | BB5: At Risk
A6: KAZ | B6: Kazakhstan | E6: ICB 2S | F6: EPC | G6: On time, but potential risk of missing target | H6: 0.7 | I6: No | J6: Consultation | L6: 5 | M6: No, not all contracts are awarded. Contracts under bidding do not contain EMPs cleared by ADB and/or any conditions of any national EIA/IEE [explain]. All awarded contracts included EMPs cleared by ADB and any conditions of any national EIA/IEE clearance. | N6: For Attention | O6: Yes, contract(s) have been awarded, with some RPs/DDRs pending to be finalized on a section-by-section basis within a contract package (and no other options apply). | P6: For Attention | Q6: Yes, contracts have been awarded, with some IPPs pending to be finalized on a section-by-section basis. | R6: For Attention | S6: No. National EIA/IEE clearance*** is obtained for project output/component but other clearances missing; time bound corrective action plan is in place to obtain. Plan is 3 months or less overdue. | T6: For Attention | U6: Yes | V6: At Risk | Y6: Yes, implementation of time-bound CAP actions overdue for 3 months or less. | Z6: For Attention | AL6: Compliance with Financial Covenants | AP6: 25 | AW6: Ex. Actual cumulative CA = 10
A7: KGZ | B7: Kyrgyz Republic | E7: OCB 2S | G7: On time, will underachieve target | H7: 0 | J7: Midterm Review | L7: 6 | M7: Yes, awarded contract is turnkey/DBO/EPC** but it includes an outline design-based EMP cleared by ADB and any conditions of any national EIA/IEE clearance. | N7: On Track | O7: Yes, a contract is turnkey/DBO/EPC, and it includes requirements for civil works to be conditional upon clearance of final RPs/DDRs (no other options apply). | P7: On Track | Q7: Yes, a contract turnkey/DBO/EPC but it includes requirements for civil works to be conditional upon clearance of final IPPs. | R7: On Track | S7: No. National EIA/IEE clearance*** is obtained for project output/component but other clearances missing; no time bound corrective action plan in place to obtain them, or corrective action is more than 3 months overdue. | T7: At Risk | U7: Yes, corrective action has been taken, and all compensations are now paid as verified through relevant compliance reports cleared by ADB. | V7: On Track | Y7: Yes, implementation of time-bound CAP actions overdue for more than 3 months. | Z7: At Risk | AL7: Financial Management Rating | AO7: Potential Problem | AW7: Projected CA starting at effectiveness = 12.5
A8: PAK | B8: Pakistan | E8: Shopping | G8: Delayed and potential risk of missing target | H8: 0.7 | L8: 7 | M8: Yes, awarded contract is turnkey/DBO/EPC** but it excludes an outline design-based EMP cleared by ADB and/or any conditions of any national EIA/IEE clearance. | N8: At Risk | O8: Yes, a contract is turnkey/DBO/EPC, but it excludes requirements for civil works to be conditional upon clearance of final RPs. | P8: At Risk | Q8: Yes, a contract turnkey/DBO/EPC but it excludes requirements for civil works to be conditional upon clearance of final IPPs. | R8: At Risk | S8: No. National EIA/IEE clearance*** is missing for any works commenced prior to or during reporting period | T8: At Risk | AW8: % difference = 10/12.5 = 80%
A9: TAJ | B9: Tajikistan | E9: RFQ | G9: Not started, delayed by ≤ 6 months | H9: 0.7 | L9: 8 | M9: Yes, a standard contract was awarded without including EMP cleared by ADB and/or any conditions of any national EIA/IEE clearance. | N9: At Risk | O9: Yes, a standard contract was awarded without ADB’s prior approval of final RP/DDR. | P9: At Risk | Q9: Yes, a standard contract was awarded without ADB’s prior approval of final IPP. | R9: At Risk | S9: Corrective action has been taken, and all clearances for all works commenced prior to or during reporting period have now been obtained. | T9: On Track
A10: TKM | B10: Turkmenistan | E10: Direct Contracting | G10: Not started, delayed by ≥ 7 months | H10: 0 | L10: 9 | M10: Yes, corrective action (by contract variation) has been taken following any contract award to incorporate EMP cleared by ADB and/or any conditions of any national EIA/IEE clearance into contract. | N10: On Track | O10: Yes, corrective action has been taken, and detailed engineering design-based RPs were updated/prepared and cleared after contract award. | P10: On Track | Q10: Yes, corrective action has been taken, and IPPs were updated/prepared and cleared after contract award. | R10: On Track
A11: UZB | B11: Uzbekistan | E11: LCB | G11: Cancelled | H11: 0
A12: REG | B12: Regional | E12: LIB | G12: Not due to start | H12: 1
A13: PRC | B13: PRC | E13: e-Auction
A14: MON | B14: Mongolia | E14: Force Account
E15: QCBS
E16: QBS
E17: CQS
E18: FBS
E19: LCS
E20: ICS
E21: Others
B24: ENV/IR/IP | D24: Gender
B25: A | D25: Gender Equity Theme
B26: B | D26: Effective Gender Mainstreaming
B27: C | D27: Some Gender Benefits
B28: FI | D28: No Gender Elements
H80: =IF(ISBLANK(F100),0,(VLOOKUP(G100,'List'!I13!$G$2:$H$12,2,FALSE))*F100)
